match_id,match_date,kick_off,competition,season,home_team,away_team,home_score,away_score,attendance,behind_closed_doors,neutral_ground,collection_status,play_status,match_status,match_status_360,last_updated,last_updated_360,match_week,competition_stage,stadium,referee,home_managers,away_managers,data_version,shot_fidelity_version,xy_fidelity_version,season_name,result
3939883,2024-09-18,01:00:00.000,Mexico - Liga MX,2024/2025,América,Atlas,3,0,,False,False,Complete,Normal,available,available,2024-09-18T10:48:42.968365,2024-09-18T10:48:42.968365,8,Apertura,Estadio Ciudad de los Deportes,Adonai Escobedo González,André Soares Jardine,Beñat San José Gil,1.1.0,2,2,2024/2025,Win
3994839,2025-05-19,01:15:00.000,Mexico - Liga MX,2024/2025,América,Cruz Azul,2,1,,False,False,Complete,Normal,available,available,2025-05-27T03:56:22.232660,2025-05-27T03:56:22.232660,22,Clausura - Semi-finals,Estadio Ciudad de los Deportes,Víctor Alfonso Cáceres Hernández,André Soares Jardine,Vicente Martín Sánchez Bragunde,1.1.0,2,2,2024/2025,Win
3972127,2025-03-30,01:05:00.000,Mexico - Liga MX,2024/2025,América,Tigres UANL,3,0,,False,False,Complete,Normal,available,available,2025-04-11T15:24:31.599695,2025-04-11T15:24:31.599695,13,Clausura,Estadio Ciudad de los Deportes,Víctor Alfonso Cáceres Hernández,André Soares Jardine,Guido Hernán Pizarro Demestri,1.1.0,2,2,2024/2025,Win
3972111,2025-03-09,03:05:00.000,Mexico - Liga MX,2024/2025,Guadalajara,América,0,0,,False,False,Complete,Normal,available,available,2025-03-09T15:26:56.555752,2025-03-09T15:26:56.555752,11,Clausura,Estadio Akron,Adonai Escobedo González,Gerardo Espinoza Ahumada,André Soares Jardine,1.1.0,2,2,2024/2025,Draw
3939867,2024-09-01,03:10:00.000,Mexico - Liga MX,2024/2025,Cruz Azul,América,4,1,,False,False,Complete,Normal,available,available,2024-09-24T05:21:59.575672,2024-09-24T05:21:59.575672,6,Apertura,Estadio Ciudad de los Deportes,César Arturo Ramos Palazuelos,Martin Anselmi,André Soares Jardine,1.1.0,2,2,2024/2025,Loss
3972043,2025-01-29,01:00:00.000,Mexico - Liga MX,2024/2025,América,Atlético San Luis,3,0,,False,False,Complete,Normal,available,available,2025-01-29T13:55:22.922153,2025-01-29T13:55:22.922153,4,Clausura,Estadio Ciudad de los Deportes,Jorge Abraham Camacho Peregrina,André Soares Jardine,Domènec Torrent Font,1.1.0,2,2,2024/2025,Win
3939848,2024-07-21,03:10:00.000,Mexico - Liga MX,2024/2025,Juárez,América,1,2,,False,False,Complete,Normal,available,available,2024-07-27T15:11:05.854368,2024-07-27T15:11:05.854368,4,Apertura,Estadio Olímpico Benito Juárez (Ciudad Juárez),Maximiliano Quintero Hernández,Maurício Nogueira Barbieri,André Soares Jardine,1.1.0,2,2,2024/2025,Win
3939876,2024-09-15,00:30:00.000,Mexico - Liga MX,2024/2025,América,Guadalajara,1,0,,False,False,Complete,Normal,available,available,2024-09-15T12:52:20.302645,2024-09-15T12:52:20.302645,7,Apertura,Estadio Ciudad de los Deportes,Víctor Alfonso Cáceres Hernández,André Soares Jardine,Fernando Rubén Gago,1.1.0,2,2,2024/2025,Win
3972118,2025-03-16,03:05:00.000,Mexico - Liga MX,2024/2025,Atlas,América,1,3,,False,False,Complete,Normal,available,available,2025-03-22T23:37:41.915704,2025-03-22T23:37:41.915704,12,Clausura,Estadio Jalisco,Óscar Mejía García,Gonzalo Pineda Reyes,André Soares Jardine,1.1.0,2,2,2024/2025,Win
3939911,2024-10-06,03:00:00.000,Mexico - Liga MX,2024/2025,León,América,1,1,,False,False,Complete,Normal,available,available,2025-01-06T12:00:56.113036,2025-01-06T12:00:56.113036,11,Apertura,Estadio León,César Arturo Ramos Palazuelos,Manuel Eduardo Berizzo,André Soares Jardine,1.1.0,2,2,2024/2025,Draw
3939923,2024-10-20,01:05:00.000,Mexico - Liga MX,2024/2025,América,Santos Laguna,3,0,,False,False,Complete,Normal,available,available,2024-10-27T09:45:49.159444,2024-10-27T09:45:49.159444,12,Apertura,Estadio Ciudad de los Deportes,Jesus Rafael Lopez Valle,André Soares Jardine,Marcos Ignacio Ambriz Espinoza,1.1.0,2,2,2024/2025,Win
3972062,2025-02-08,03:00:00.000,Mexico - Liga MX,2024/2025,Puebla,América,1,2,,False,False,Complete,Normal,available,available,2025-02-08T15:25:51.561322,2025-02-08T15:25:51.561322,6,Clausura,Estadio Cuauhtémoc,Ismael Rosario Lopez Peñuelas,Pablo Adrián Guede Barriero,André Soares Jardine,1.1.0,2,2,2024/2025,Win
3939933,2024-10-24,03:05:00.000,Mexico - Liga MX,2024/2025,Tijuana,América,2,2,,False,False,Complete,Normal,available,available,2024-10-24T17:05:40.352054,2024-10-24T17:05:40.352054,13,Apertura,Estadio Caliente,Fernando Hernández Gómez,Juan Carlos Osorio Arbeláez,André Soares Jardine,1.1.0,2,2,2024/2025,Draw
3972016,2025-01-11,01:00:00.000,Mexico - Liga MX,2024/2025,Querétaro,América,0,1,,False,False,Complete,Normal,available,available,2025-01-15T04:14:37.770825,2025-01-15T04:14:37.770825,1,Clausura,Estadio La Corregidora,Jesus Rafael Lopez Valle,Benjamín Mora Mendívil,Diego Alberto Cervantes Chávez,1.1.0,2,2,2024/2025,Win
3994837,2025-05-16,02:00:00.000,Mexico - Liga MX,2024/2025,Cruz Azul,América,1,0,,False,False,Complete,Normal,available,available,2025-06-05T11:13:21.407353,2025-06-05T11:13:21.407353,21,Clausura - Semi-finals,Estadio Olímpico de Universitario (Ciudad de México),Luis Enrique Santander Aguirre,Vicente Martín Sánchez Bragunde,André Soares Jardine,1.1.0,2,2,2024/2025,Loss
3939941,2024-10-28,02:05:00.000,Mexico - Liga MX,2024/2025,América,Monterrey,2,1,,False,False,Complete,Normal,available,available,2024-10-28T15:22:50.695776,2024-10-28T15:22:50.695776,14,Apertura,Estadio Ciudad de los Deportes,Daniel Quintero Huittrón,André Soares Jardine,Martín Gastón Demichelis,1.1.0,2,2,2024/2025,Win
3993383,2025-05-11,03:10:00.000,Mexico - Liga MX,2024/2025,América,Pachuca,2,0,,False,False,Complete,Normal,available,available,2025-05-22T06:23:02.372717,2025-05-22T06:23:02.372717,20,Quarter-finals,Estadio Ciudad de los Deportes,Daniel Quintero Huittrón,André Soares Jardine,Jorge Guillermo Almada Álves,1.1.0,2,2,2024/2025,Win
3939825,2024-07-13,01:00:00.000,Mexico - Liga MX,2024/2025,América,Querétaro,3,1,,False,False,Complete,Normal,available,available,2024-07-17T02:00:15.132978,2024-07-17T02:00:15.132978,2,Apertura,Estadio Ciudad de los Deportes,Katia Itzel García,André Soares Jardine,Mauro Néstor Gerk Larrea,1.1.0,2,2,2024/2025,Win
3993382,2025-05-08,03:10:00.000,Mexico - Liga MX,2024/2025,Pachuca,América,0,0,,False,False,Complete,Normal,available,available,2025-05-16T00:43:01.119553,2025-05-16T00:43:01.119553,19,Quarter-finals,Estadio Hidalgo,Jesus Rafael Lopez Valle,Jorge Guillermo Almada Álves,André Soares Jardine,1.1.0,2,2,2024/2025,Draw
3972162,2025-04-19,23:00:00.000,Mexico - Liga MX,2024/2025,América,Mazatlán,5,0,,False,False,Complete,Normal,available,available,2025-04-20T13:54:04.712716,2025-04-20T13:54:04.712716,17,Clausura,Estadio Ciudad de los Deportes,Katia Itzel García,André Soares Jardine,Víctor Manuel Vucetich Rojas,1.1.0,2,2,2024/2025,Win
3939905,2024-09-30,00:00:00.000,Mexico - Liga MX,2024/2025,América,Pumas UNAM,0,1,,False,False,Complete,Normal,available,available,2024-10-04T01:49:41.139862,2024-10-04T01:49:41.139862,10,Apertura,Estadio Ciudad de los Deportes,Fernando Hernández Gómez,André Soares Jardine,Gustavo Alberto Lema,1.1.0,2,2,2024/2025,Loss
3972080,2025-02-20,01:00:00.000,Mexico - Liga MX,2024/2025,América,León,1,1,,False,False,Complete,Normal,available,available,2025-03-03T15:40:04.315541,2025-03-03T15:40:04.315541,9,Clausura,Estadio Ciudad de los Deportes,César Arturo Ramos Palazuelos,André Soares Jardine,Manuel Eduardo Berizzo,1.1.0,2,2,2024/2025,Draw
3970307,2024-12-06,02:00:00.000,Mexico - Liga MX,2024/2025,América,Cruz Azul,0,0,,False,False,Complete,Normal,available,available,2024-12-28T21:25:29.976608,2024-12-28T21:25:29.976608,22,Apertura - Semi-finals,Estadio Ciudad de los Deportes,Óscar Mejía García,André Soares Jardine,Martin Anselmi,1.1.0,2,2,2024/2025,Draw
3995374,2025-05-26,01:00:00.000,Mexico - Liga MX,2024/2025,Toluca,América,2,0,,False,False,Complete,Normal,available,available,2025-06-19T02:35:10.157305,2025-06-19T02:35:10.157305,24,Clausura - Final,Estadio Nemesio Díez,César Arturo Ramos Palazuelos,Antonio Ricardo Mohamed Matijevich,André Soares Jardine,1.1.0,2,2,2024/2025,Loss
3939841,2024-07-18,03:00:00.000,Mexico - Liga MX,2024/2025,Tigres UANL,América,1,0,,False,False,Complete,Normal,available,available,2024-07-24T15:16:36.182668,2024-07-24T15:16:36.182668,3,Apertura,Estadio Universitario de Nuevo León,Fernando Guerrero Ramírez,Veljko Paunovic,André Soares Jardine,1.1.0,2,2,2024/2025,Loss
3939859,2024-08-25,03:05:00.000,Mexico - Liga MX,2024/2025,América,Puebla,0,1,,False,False,Complete,Normal,available,available,2024-09-08T16:36:03.027909,2024-09-08T16:36:03.027909,5,Apertura,Estadio Ciudad de los Deportes,Luis Enrique Santander Aguirre,André Soares Jardine,José Manuel de la Torre Menchaca,1.1.0,2,2,2024/2025,Loss
3970308,2024-12-09,01:00:00.000,Mexico - Liga MX,2024/2025,Cruz Azul,América,3,4,,False,False,Complete,Normal,available,available,2025-04-13T19:09:53.379707,2025-04-13T19:09:53.379707,23,Apertura - Semi-finals,Estadio Ciudad de los Deportes,Adonai Escobedo González,Martin Anselmi,André Soares Jardine,1.1.0,2,2,2024/2025,Win
3939959,2024-11-07,01:00:00.000,Mexico - Liga MX,2024/2025,América,Pachuca,2,1,,False,False,Complete,Normal,available,available,2024-11-18T06:31:06.074147,2024-11-18T06:31:06.074147,16,Apertura,Estadio Cuauhtémoc,Fernando Guerrero Ramírez,André Soares Jardine,Jorge Guillermo Almada Álves,1.1.0,2,2,2024/2025,Win
3972136,2025-04-05,23:00:00.000,Mexico - Liga MX,2024/2025,Pachuca,América,1,0,,False,False,Complete,Normal,available,available,2025-04-14T16:37:25.790097,2025-04-14T16:37:25.790097,14,Clausura,Estadio Hidalgo,Fernando Hernández Gómez,Jorge Guillermo Almada Álves,André Soares Jardine,1.1.0,2,2,2024/2025,Loss
3972023,2025-01-17,02:10:00.000,Mexico - Liga MX,2024/2025,América,Tijuana,1,1,,False,False,Complete,Normal,available,available,2025-01-30T02:14:39.324419,2025-01-30T02:14:39.324419,2,Clausura,Estadio Ciudad de los Deportes,Katia Itzel García,Diego Alberto Cervantes Chávez,Juan Carlos Osorio Arbeláez,1.1.0,2,2,2024/2025,Draw
3969395,2024-11-30,23:00:00.000,Mexico - Liga MX,2024/2025,Toluca,América,0,2,,False,False,Complete,Normal,available,available,2025-01-18T00:19:36.499267,2025-01-18T00:19:36.499267,21,Apertura - Quarter-finals,Estadio Nemesio Díez,César Arturo Ramos Palazuelos,Renato Manuel Alves Paiva,André Soares Jardine,1.1.0,2,2,2024/2025,Win
3972155,2025-04-17,01:00:00.000,Mexico - Liga MX,2024/2025,Monterrey,América,1,0,,False,False,Complete,Normal,available,available,2025-04-18T00:52:48.486631,2025-04-18T00:52:48.486631,16,Clausura,Estadio BBVA,Daniel Quintero Huittrón,Martín Gastón Demichelis,André Soares Jardine,1.1.0,2,2,2024/2025,Loss
3939915,2024-11-10,01:00:00.000,Mexico - Liga MX,2024/2025,Toluca,América,4,0,,False,False,Complete,Normal,available,available,2024-11-20T20:58:26.620867,2024-11-20T20:58:26.620867,17,Apertura,Estadio Nemesio Díez,Víctor Alfonso Cáceres Hernández,Renato Manuel Alves Paiva,André Soares Jardine,1.1.0,2,2,2024/2025,Loss
3995373,2025-05-23,02:00:00.000,Mexico - Liga MX,2024/2025,América,Toluca,0,0,,False,False,Complete,Normal,available,available,2025-05-31T11:38:41.532973,2025-05-31T11:38:41.532973,23,Clausura - Final,Estadio Ciudad de los Deportes,Daniel Quintero Huittrón,André Soares Jardine,Antonio Ricardo Mohamed Matijevich,1.1.0,2,2,2024/2025,Draw
3972039,2025-01-26,01:05:00.000,Mexico - Liga MX,2024/2025,Santos Laguna,América,1,4,,False,False,Complete,Normal,available,available,2025-01-26T17:43:25.290717,2025-01-26T17:43:25.290717,3,Clausura,Estadio Nuevo Corona,Fernando Hernández Gómez,Fernando Ortiz,André Soares Jardine,1.1.0,2,2,2024/2025,Win
3939943,2024-11-02,03:00:00.000,Mexico - Liga MX,2024/2025,Mazatlán,América,0,5,,False,False,Complete,Normal,available,available,2024-11-02T13:10:37.889966,2024-11-02T13:10:37.889966,15,Apertura,Estadio El Encanto,Adonai Escobedo González,Víctor Manuel Vucetich Rojas,André Soares Jardine,1.1.0,2,2,2024/2025,Win
3972074,2025-02-15,03:00:00.000,Mexico - Liga MX,2024/2025,América,Necaxa,2,3,,False,False,Complete,Normal,available,available,2025-02-15T17:45:40.669276,2025-02-15T17:45:40.669276,7,Clausura,Estadio Ciudad de los Deportes,Óscar Mejía García,André Soares Jardine,Nicolás Ricardo Larcamón,1.1.0,2,2,2024/2025,Loss
3971432,2024-12-13,02:00:00.000,Mexico - Liga MX,2024/2025,América,Monterrey,2,1,,False,False,Complete,Normal,available,available,2024-12-27T02:55:04.647833,2024-12-27T02:55:04.647833,24,Finals,Estadio Cuauhtémoc,Víctor Alfonso Cáceres Hernández,André Soares Jardine,Martín Gastón Demichelis,1.1.0,2,2,2024/2025,Win
3968407,2024-11-22,03:00:00.000,Mexico - Liga MX,2024/2025,Tijuana,América,2,2,,False,False,Complete,Normal,available,available,2024-12-04T13:23:36.900287,2024-12-04T13:23:36.900287,18,Play-offs - Semi-Finals,Estadio Caliente,Adonai Escobedo González,Juan Carlos Osorio Arbeláez,André Soares Jardine,1.1.0,2,2,2024/2025,Draw
3972100,2025-03-01,23:00:00.000,Mexico - Liga MX,2024/2025,América,Toluca,3,0,,False,False,Complete,Normal,available,available,2025-03-06T18:19:38.492784,2025-03-06T18:19:38.492784,10,Clausura,Estadio Ciudad de los Deportes,Jesus Rafael Lopez Valle,André Soares Jardine,Antonio Ricardo Mohamed Matijevich,1.1.0,2,2,2024/2025,Win
3939819,2024-07-06,23:00:00.000,Mexico - Liga MX,2024/2025,Atlético San Luis,América,2,1,,False,False,Complete,Normal,available,available,2024-07-09T06:18:19.255996,2024-07-09T06:18:19.255996,1,Apertura,Estadio Alfonso Lastras Ramírez (San Luis Potosí),Iván Antonio López Sánchez,Domènec Torrent Font,André Soares Jardine,1.1.0,2,2,2024/2025,Loss
3972087,2025-02-23,03:05:00.000,Mexico - Liga MX,2024/2025,Pumas UNAM,América,0,2,,False,False,Complete,Normal,available,available,2025-02-23T15:21:42.950181,2025-02-23T15:21:42.950181,8,Clausura,Estadio Olímpico de Universitario (Ciudad de México),Fernando Hernández Gómez,Gustavo Alberto Lema,André Soares Jardine,1.1.0,2,2,2024/2025,Win
3969391,2024-11-28,01:00:00.000,Mexico - Liga MX,2024/2025,América,Toluca,2,0,,False,False,Complete,Normal,available,available,2024-12-19T14:08:39.930158,2024-12-19T14:08:39.930158,20,Apertura - Quarter-finals,Estadio Ciudad de los Deportes,Óscar Mejía García,André Soares Jardine,Renato Manuel Alves Paiva,1.1.0,2,2,2024/2025,Win
3939892,2024-09-22,01:00:00.000,Mexico - Liga MX,2024/2025,Necaxa,América,1,1,,False,False,Complete,Normal,available,available,2024-11-02T14:55:59.382543,2024-11-02T14:55:59.382543,9,Apertura,Estadio Victoria de Aguascalientes,Óscar Mejía García,Eduardo Fentanes Orozco,André Soares Jardine,1.1.0,2,2,2024/2025,Draw
3972145,2025-04-13,03:15:00.000,Mexico - Liga MX,2024/2025,América,Cruz Azul,0,0,,False,False,Complete,Normal,available,available,2025-05-04T03:31:53.784605,2025-05-04T03:31:53.784605,15,Clausura,Estadio Ciudad de los Deportes,César Arturo Ramos Palazuelos,André Soares Jardine,Vicente Martín Sánchez Bragunde,1.1.0,2,2,2024/2025,Draw
3972053,2025-02-01,23:00:00.000,Mexico - Liga MX,2024/2025,América,Juárez,4,0,,False,False,Complete,Normal,available,available,2025-02-02T10:43:06.044523,2025-02-02T10:43:06.044523,5,Clausura,Estadio Ciudad de los Deportes,César Arturo Ramos Palazuelos,André Soares Jardine,Martín Varini Di Zioli,1.1.0,2,2,2024/2025,Win
3971433,2024-12-16,01:00:00.000,Mexico - Liga MX,2024/2025,Monterrey,América,1,1,,False,False,Complete,Normal,available,available,2024-12-25T15:07:32.762861,2024-12-25T15:07:32.762861,25,Finals,Estadio BBVA,César Arturo Ramos Palazuelos,Martín Gastón Demichelis,André Soares Jardine,1.1.0,2,2,2024/2025,Draw
3919094,2024-04-27,01:00:00.000,Mexico - Liga MX,2023/2024,Puebla,América,1,2,,False,False,Complete,Normal,available,available,2024-04-27T13:17:46.619652,2024-04-27T13:17:46.619652,17,Clausura,Estadio Cuauhtémoc,Guillermo Pacheco Larios,Andrés José Carevic Ghelfi,André Soares Jardine,1.1.0,2,2,2023/2024,Win
3919055,2024-03-17,03:05:00.000,Mexico - Liga MX,2023/2024,Guadalajara,América,0,0,,False,False,Complete,Normal,available,available,2024-03-17T13:46:42.162549,2024-03-17T13:46:42.162549,12,Clausura,Estadio Akron,Fernando Hernández Gómez,Fernando Rubén Gago,André Soares Jardine,1.1.0,2,2,2023/2024,Draw
3889744,2023-10-22,01:00:00.000,Mexico - Liga MX,2023/2024,América,Santos Laguna,4,3,,False,False,Complete,Normal,available,available,2023-11-04T16:55:30.196403,2023-11-04T16:55:30.196403,13,Apertura,Estadio Azteca,César Arturo Ramos Palazuelos,André Soares Jardine,Pablo Eduardo Repetto Aquino,1.1.0,2,2,2023/2024,Win
3918374,2023-12-15,03:00:00.000,Mexico - Liga MX,2023/2024,Tigres UANL,América,1,1,,False,True,Complete,Normal,available,available,2024-02-13T12:22:27.685279,2024-02-13T12:22:27.685279,24,Apertura - Final,Estadio Universitario de Nuevo León,Marco Antonio Ortíz Nava,Robert Dante Siboldi Badiola,André Soares Jardine,1.1.0,2,2,2023/2024,Draw
3919001,2024-02-11,01:00:00.000,Mexico - Liga MX,2023/2024,León,América,0,1,,False,False,Complete,Normal,available,available,2024-02-21T10:36:43.335339,2024-02-21T10:36:43.335339,6,Clausura,Estadio León,Marco Antonio Ortíz Nava,Jorge Rodrigo Bava,André Soares Jardine,1.1.0,2,2,2023/2024,Win
3919069,2024-04-07,03:05:00.000,Mexico - Liga MX,2023/2024,Santos Laguna,América,1,1,,False,False,Complete,Normal,available,available,2024-04-07T20:40:13.555433,2024-04-07T20:40:13.555433,14,Clausura,Estadio Nuevo Corona,Luis Enrique Santander Aguirre,Marcos Ignacio Ambriz Espinoza,André Soares Jardine,1.1.0,2,2,2023/2024,Draw
3889725,2023-10-01,00:40:00.000,Mexico - Liga MX,2023/2024,América,Pumas UNAM,1,0,,False,False,Complete,Normal,available,available,2023-10-01T18:25:03.476699,2023-10-01T18:25:03.476699,10,Apertura,Estadio Azteca,Víctor Alfonso Cáceres Hernández,André Soares Jardine,Antonio Ricardo Mohamed Matijevich,1.1.0,2,2,2023/2024,Win
3889685,2023-08-27,01:00:00.000,Mexico - Liga MX,2023/2024,América,León,1,1,,False,False,Complete,Normal,available,available,2023-08-29T12:06:51.047384,2023-08-29T12:06:51.047384,6,Apertura,Estadio Azteca,Óscar Macías Romo,André Soares Jardine,Nicolás Ricardo Larcamón,1.1.0,2,2,2023/2024,Draw
3889775,2023-11-05,01:05:00.000,Mexico - Liga MX,2023/2024,América,Tijuana,3,0,,False,False,Complete,Normal,available,available,2023-11-06T12:02:49.985548,2023-11-06T12:02:49.985548,16,Apertura,Estadio Azteca,Óscar Mejía García,André Soares Jardine,Miguel Ernesto Herrera Aguirre,1.1.0,2,2,2023/2024,Win
3889786,2023-11-12,03:10:00.000,Mexico - Liga MX,2023/2024,Tigres UANL,América,0,0,,False,False,Complete,Normal,available,available,2023-12-08T20:45:25.955220,2023-12-08T20:45:25.955220,17,Apertura,Estadio Universitario de Nuevo León,Diego Montaño Robles,Robert Dante Siboldi Badiola,André Soares Jardine,1.1.0,2,2,2023/2024,Draw
3917858,2023-12-10,02:00:00.000,Mexico - Liga MX,2023/2024,América,Atlético San Luis,0,2,,False,False,Complete,Normal,available,available,2023-12-11T11:49:27.975190,2023-12-11T11:49:27.975190,23,Semi-finals,Estadio Azteca,César Arturo Ramos Palazuelos,André Soares Jardine,Gustavo Jose Da Silva Leal,1.1.0,2,2,2023/2024,Loss
3889728,2023-10-04,03:00:00.000,Mexico - Liga MX,2023/2024,América,Pachuca,4,0,,False,False,Complete,Normal,available,available,2023-10-14T02:12:48.725474,2023-10-14T02:12:48.725474,11,Apertura,Estadio Azteca,Marco Antonio Ortíz Nava,André Soares Jardine,Jorge Guillermo Almada Álves,1.1.0,2,2,2023/2024,Win
3919016,2024-02-22,03:00:00.000,Mexico - Liga MX,2023/2024,América,Mazatlán,2,2,,False,False,Complete,Normal,available,available,2024-02-22T13:48:19.887860,2024-02-22T13:48:19.887860,9,Clausura,Estadio Azteca,Ismael Rosario Lopez Peñuelas,André Soares Jardine,Ismael Rescalvo Sánchez,1.1.0,2,2,2023/2024,Draw
3889699,2023-09-03,03:10:00.000,Mexico - Liga MX,2023/2024,Cruz Azul,América,2,3,,False,False,Complete,Normal,available,available,2023-09-05T20:07:33.507778,2023-09-05T20:07:33.507778,7,Apertura,Estadio Azteca,Daniel Quintero Huittrón,Joaquín Moreno Garduño,André Soares Jardine,1.1.0,2,2,2023/2024,Win
3918974,2024-01-28,03:05:00.000,Mexico - Liga MX,2023/2024,Necaxa,América,0,0,,False,False,Complete,Normal,available,available,2024-02-10T22:10:53.297347,2024-02-10T22:10:53.297347,3,Clausura,Estadio Victoria de Aguascalientes,Diego Montaño Robles,Eduardo Fentanes Orozco,André Soares Jardine,1.1.0,2,2,2023/2024,Draw
3919036,2024-03-03,03:10:00.000,Mexico - Liga MX,2023/2024,Atlas,América,1,5,,False,False,Complete,Normal,available,available,2024-03-14T16:38:12.399615,2024-03-14T16:38:12.399615,10,Clausura,Estadio Jalisco,Fernando Guerrero Ramírez,Beñat San José Gil,André Soares Jardine,1.1.0,2,2,2023/2024,Win
3889660,2023-07-16,01:00:00.000,Mexico - Liga MX,2023/2024,América,Puebla,3,0,,False,False,Complete,Normal,available,available,2023-07-16T21:55:43.616199,2023-07-16T21:55:43.616199,3,Apertura,Estadio Azteca,Víctor Alfonso Cáceres Hernández,André Soares Jardine,Eduardo Arce Peña,1.1.0,2,2,2023/2024,Win
3918375,2023-12-18,01:30:00.000,Mexico - Liga MX,2023/2024,América,Tigres UANL,3,0,,False,False,Complete,Normal,available,available,2024-02-13T12:23:30.297161,2024-02-13T12:23:30.297161,25,Apertura - Final,Estadio Azteca,Adonai Escobedo González,André Soares Jardine,Robert Dante Siboldi Badiola,1.1.0,2,2,2023/2024,Win
3918991,2024-02-04,03:10:00.000,Mexico - Liga MX,2023/2024,América,Monterrey,1,1,,False,False,Complete,Normal,available,available,2024-06-12T03:37:32.224120,2024-06-12T03:37:32.224120,5,Clausura,Estadio Azteca,César Arturo Ramos Palazuelos,André Soares Jardine,Fernando Ortiz,1.1.0,2,2,2023/2024,Draw
3919062,2024-03-30,02:00:00.000,Mexico - Liga MX,2023/2024,América,Atlético San Luis,2,1,,False,False,Complete,Normal,available,available,2024-03-30T14:49:28.794468,2024-03-30T14:49:28.794468,13,Clausura,Estadio Azteca,Jesus Rafael Lopez Valle,André Soares Jardine,Gustavo Jose Da Silva Leal,1.1.0,2,2,2023/2024,Win
3889653,2023-09-21,02:06:00.000,Mexico - Liga MX,2023/2024,Querétaro,América,1,2,,False,False,Complete,Normal,available,available,2023-09-23T20:46:41.038766,2023-09-23T20:46:41.038766,2,Apertura,Estadio La Corregidora,Diego Montaño Robles,Mauro Néstor Gerk Larrea,André Soares Jardine,1.1.0,2,2,2023/2024,Win
3889637,2023-07-01,01:00:00.000,Mexico - Liga MX,2023/2024,América,Juárez,1,2,,False,False,Complete,Normal,available,available,2023-07-01T14:20:34.669214,2023-07-01T14:20:34.669214,1,Apertura,Estadio Azteca,Ismael Rosario Lopez Peñuelas,André Soares Jardine,Diego Andrei Mejía Campo,1.1.0,2,2,2023/2024,Loss
3936617,2024-05-09,03:16:00.000,Mexico - Liga MX,2023/2024,Pachuca,América,1,1,,False,False,Complete,Normal,available,available,2024-05-15T16:49:34.590495,2024-05-15T16:49:34.590495,20,Clausura - Quarter-finals,Estadio Hidalgo,Fernando Guerrero Ramírez,Jorge Guillermo Almada Álves,André Soares Jardine,1.1.0,2,2,2023/2024,Draw
3918957,2024-01-14,03:00:00.000,Mexico - Liga MX,2023/2024,Tijuana,América,0,2,,False,False,Complete,Normal,available,available,2024-01-23T01:34:55.080506,2024-01-23T01:34:55.080506,1,Clausura,Estadio Caliente,Edgar Allan Morales Olvera,Miguel Ernesto Herrera Aguirre,André Soares Jardine,1.1.0,2,2,2023/2024,Win
3889681,2023-08-24,01:00:00.000,Mexico - Liga MX,2023/2024,América,Necaxa,3,2,,False,False,Complete,Normal,available,available,2023-09-03T13:38:51.466490,2023-09-03T13:38:51.466490,5,Apertura,Estadio Azteca,Marco Antonio Ortíz Nava,André Soares Jardine,Rafael Edgar Dudamel Ochoa,1.1.0,2,2,2023/2024,Win
3889702,2023-09-17,03:10:00.000,Mexico - Liga MX,2023/2024,América,Guadalajara,4,0,,False,False,Complete,Normal,available,available,2023-10-29T02:09:54.488951,2023-10-29T02:09:54.488951,8,Apertura,Estadio Azteca,Fernando Guerrero Ramírez,André Soares Jardine,Veljko Paunovic,1.1.0,2,2,2023/2024,Win
3918969,2024-01-25,03:06:00.000,Mexico - Liga MX,2023/2024,Juárez,América,0,2,,False,False,Complete,Normal,available,available,2024-02-03T19:25:40.918944,2024-02-03T19:25:40.918944,4,Clausura,Estadio Olímpico Benito Juárez (Ciudad Juárez),Luis Enrique Santander Aguirre,Diego Andrei Mejía Campo,André Soares Jardine,1.1.0,2,2,2023/2024,Win
3919008,2024-02-18,01:00:00.000,Mexico - Liga MX,2023/2024,Pachuca,América,2,1,,False,False,Complete,Normal,available,available,2024-02-26T10:38:29.308869,2024-02-26T10:38:29.308869,7,Clausura,Estadio Hidalgo,Víctor Alfonso Cáceres Hernández,Jorge Guillermo Almada Álves,André Soares Jardine,1.1.0,2,2,2023/2024,Loss
3937184,2024-05-16,02:05:00.000,Mexico - Liga MX,2023/2024,Guadalajara,América,0,0,,False,False,Complete,Normal,available,available,2024-05-23T16:11:48.298368,2024-05-23T16:11:48.298368,22,Clausura - Semi-finals,Estadio Akron,Óscar Mejía García,Fernando Rubén Gago,André Soares Jardine,1.1.0,2,2,2023/2024,Draw
3936618,2024-05-12,00:00:00.000,Mexico - Liga MX,2023/2024,América,Pachuca,1,1,,False,False,Complete,Normal,available,available,2024-05-21T13:23:37.940150,2024-05-21T13:23:37.940150,21,Clausura - Quarter-finals,Estadio Azteca,Víctor Alfonso Cáceres Hernández,André Soares Jardine,Jorge Guillermo Almada Álves,1.1.0,2,2,2023/2024,Draw
3919022,2024-02-25,03:10:00.000,Mexico - Liga MX,2023/2024,América,Cruz Azul,1,0,,False,False,Complete,Normal,available,available,2024-02-25T17:35:54.988877,2024-02-25T17:35:54.988877,8,Clausura,Estadio Azteca,Óscar Mejía García,André Soares Jardine,Martin Anselmi,1.1.0,2,2,2023/2024,Win
3919081,2024-04-14,01:05:00.000,Mexico - Liga MX,2023/2024,América,Toluca,5,1,,False,False,Complete,Normal,available,available,2024-04-14T16:57:03.741445,2024-04-14T16:57:03.741445,15,Clausura,Estadio Azteca,Adonai Escobedo González,André Soares Jardine,Renato Manuel Alves Paiva,1.1.0,2,2,2023/2024,Win
3919045,2024-03-10,03:00:00.000,Mexico - Liga MX,2023/2024,América,Tigres UANL,2,0,,False,False,Complete,Normal,available,available,2024-05-21T19:04:45.344447,2024-05-21T19:04:45.344447,11,Clausura,Estadio Azteca,Víctor Alfonso Cáceres Hernández,André Soares Jardine,Robert Dante Siboldi Badiola,1.1.0,2,2,2023/2024,Win
3937694,2024-05-24,02:00:00.000,Mexico - Liga MX,2023/2024,Cruz Azul,América,1,1,,False,False,Complete,Normal,available,available,2024-06-11T03:25:44.035399,2024-06-11T03:25:44.035399,24,Clausura - Finals,Estadio Ciudad de los Deportes,Fernando Hernández Gómez,Martin Anselmi,André Soares Jardine,1.1.0,2,2,2023/2024,Draw
3937186,2024-05-19,02:00:00.000,Mexico - Liga MX,2023/2024,América,Guadalajara,1,0,,False,False,Complete,Normal,available,available,2024-05-19T16:20:08.069518,2024-05-19T16:20:08.069518,23,Clausura - Semi-finals,Estadio Azteca,César Arturo Ramos Palazuelos,André Soares Jardine,Fernando Rubén Gago,1.1.0,2,2,2023/2024,Win
3917453,2023-12-03,01:00:00.000,Mexico - Liga MX,2023/2024,América,León,2,0,,False,False,Complete,Normal,available,available,2023-12-31T00:42:40.989289,2023-12-31T00:42:40.989289,21,Apertura - Quarter-finals,Estadio Azteca,Fernando Guerrero Ramírez,André Soares Jardine,Nicolás Ricardo Larcamón,1.1.0,2,2,2023/2024,Win
3889769,2023-11-02,03:00:00.000,Mexico - Liga MX,2023/2024,Atlético San Luis,América,0,1,,False,False,Complete,Normal,available,available,2023-11-02T16:55:16.788160,2023-11-02T16:55:16.788160,15,Apertura,Estadio Alfonso Lastras Ramírez (San Luis Potosí),Fernando Guerrero Ramírez,Gustavo Jose Da Silva Leal,André Soares Jardine,1.1.0,2,2,2023/2024,Win
3889715,2023-09-24,18:00:00.000,Mexico - Liga MX,2023/2024,Toluca,América,1,1,,False,False,Complete,Normal,available,available,2023-09-25T10:11:33.056633,2023-09-25T10:11:33.056633,9,Apertura,Estadio Nemesio Díez,Adonai Escobedo González,Marcos Ignacio Ambriz Espinoza,André Soares Jardine,1.1.0,2,2,2023/2024,Draw
3917856,2023-12-07,03:00:00.000,Mexico - Liga MX,2023/2024,Atlético San Luis,América,0,5,,False,False,Complete,Normal,available,available,2023-12-08T11:00:48.093305,2023-12-08T11:00:48.093305,22,Semi-finals,Estadio Alfonso Lastras Ramírez (San Luis Potosí),Adonai Escobedo González,Gustavo Jose Da Silva Leal,André Soares Jardine,1.1.0,2,2,2023/2024,Win
3889758,2023-10-29,03:10:00.000,Mexico - Liga MX,2023/2024,Monterrey,América,0,3,,False,False,Complete,Normal,available,available,2024-09-28T13:11:03.577603,2024-09-28T13:11:03.577603,14,Apertura,Estadio BBVA,Adonai Escobedo González,Fernando Ortiz,André Soares Jardine,1.1.0,2,2,2023/2024,Win
3889669,2023-08-21,03:10:00.000,Mexico - Liga MX,2023/2024,América,Atlas,1,1,,False,False,Complete,Normal,available,available,2023-08-24T10:19:24.178299,2023-08-24T10:19:24.178299,4,Apertura,Estadio Jalisco,Adonai Escobedo González,André Soares Jardine,Benjamín Mora Mendívil,1.1.0,2,2,2023/2024,Draw
3919103,2024-01-21,01:05:00.000,Mexico - Liga MX,2023/2024,América,Querétaro,2,0,,False,False,Complete,Normal,available,available,2024-01-21T15:15:35.232037,2024-01-21T15:15:35.232037,2,Clausura,Estadio Azteca,Maximiliano Quintero Hernández,André Soares Jardine,Mauro Néstor Gerk Larrea,1.1.0,2,2,2023/2024,Win
3919088,2024-04-21,03:10:00.000,Mexico - Liga MX,2023/2024,Pumas UNAM,América,2,1,,False,False,Complete,Normal,available,available,2024-04-21T19:48:16.153060,2024-04-21T19:48:16.153060,16,Clausura,Estadio Olímpico de Universitario (Ciudad de México),Fernando Guerrero Ramírez,Gustavo Alberto Lema,André Soares Jardine,1.1.0,2,2,2023/2024,Loss
3889732,2023-10-07,03:00:00.000,Mexico - Liga MX,2023/2024,Mazatlán,América,1,2,,False,False,Complete,Normal,available,available,2023-10-29T02:04:18.432069,2023-10-29T02:04:18.432069,12,Apertura,Estadio El Encanto,Óscar Mejía García,Ismael Rescalvo Sánchez,André Soares Jardine,1.1.0,2,2,2023/2024,Win
3917452,2023-11-30,01:06:00.000,Mexico - Liga MX,2023/2024,León,América,2,2,,False,False,Complete,Normal,available,available,2023-11-30T16:50:31.053189,2023-11-30T16:50:31.053189,20,Apertura - Quarter-finals,Estadio León,Marco Antonio Ortíz Nava,Nicolás Ricardo Larcamón,André Soares Jardine,1.1.0,2,2,2023/2024,Draw
3937695,2024-05-27,01:00:00.000,Mexico - Liga MX,2023/2024,América,Cruz Azul,1,0,,False,False,Complete,Normal,available,available,2024-06-11T11:02:19.294223,2024-06-11T11:02:19.294223,25,Clausura - Finals,Estadio Azteca,Marco Antonio Ortíz Nava,André Soares Jardine,Martin Anselmi,1.1.0,2,2,2023/2024,Win
3886545,2023-05-19,02:10:00.000,Mexico - Liga MX,2022/2023,Guadalajara,América,0,1,,False,False,Complete,Normal,available,available,2023-05-19T20:42:00.700818,2023-05-19T20:42:00.700818,21,Clausura - Semi-finals,Estadio Akron,César Arturo Ramos Palazuelos,Veljko Paunovic,Fernando Ortiz,1.1.0,2,2,2022/2023,Win
3870379,2023-01-07,23:00:00.000,Mexico - Liga MX,2022/2023,América,Querétaro,0,0,,False,False,Complete,Normal,available,available,2023-03-17T05:08:00.762814,2023-03-17T05:08:00.762814,1,Clausura,Estadio Azteca,Víctor Alfonso Cáceres Hernández,Fernando Ortiz,Mauro Néstor Gerk Larrea,1.1.0,2,2,2022/2023,Draw
3835225,2022-09-11,00:00:00.000,Mexico - Liga MX,2022/2023,Necaxa,América,1,2,,False,False,Complete,Normal,available,available,2022-12-13T23:54:19.943573,2022-12-13T23:54:19.943573,14,Regular Season,Estadio Victoria de Aguascalientes,Fernando Guerrero Ramírez,Jaime Arturo Lozano Espín,Fernando Ortiz,1.1.0,2,2,2022/2023,Win
3870462,2023-03-05,01:05:00.000,Mexico - Liga MX,2022/2023,América,Pachuca,0,3,,False,False,Complete,Normal,available,available,2023-10-18T03:18:21.191512,2023-10-18T03:18:21.191512,10,Clausura,Estadio Azteca,Adonai Escobedo González,Fernando Ortiz,Jorge Guillermo Almada Álves,1.1.0,2,2,2022/2023,Loss
3870443,2023-02-20,01:05:00.000,Mexico - Liga MX,2022/2023,América,Tijuana,2,1,,False,False,Complete,Normal,available,available,2023-07-25T14:32:25.035639,2023-07-25T14:32:25.035639,8,Clausura,Estadio Azteca,Fernando Guerrero Ramírez,Fernando Ortiz,Miguel Ernesto Herrera Aguirre,1.1.0,2,2,2022/2023,Win
3886180,2023-05-14,03:16:00.000,Mexico - Liga MX,2022/2023,América,Atlético San Luis,1,2,,False,False,Complete,Normal,available,available,2023-05-26T00:50:17.806368,2023-05-26T00:50:17.806368,20,Clausura - Quarter-finals,Estadio Azteca,Daniel Quintero Huittrón,Fernando Ortiz,André Soares Jardine,1.1.0,2,2,2022/2023,Loss
3835114,2022-07-10,02:05:00.000,Mexico - Liga MX,2022/2023,Monterrey,América,3,2,,False,False,Complete,Normal,available,available,2022-12-02T01:03:24.431866,2022-12-02T01:03:24.431866,2,Regular Season,Estadio BBVA,Marco Antonio Ortíz Nava,Víctor Manuel Vucetich Rojas,Fernando Ortiz,1.1.0,2,2,2022/2023,Loss
3835245,2022-10-01,00:00:00.000,Mexico - Liga MX,2022/2023,Puebla,América,1,2,,False,False,Complete,Normal,available,available,2022-12-02T02:34:08.397855,2022-12-02T02:34:08.397855,17,Regular Season,Estadio Cuauhtémoc,Marco Antonio Ortíz Nava,Nicolás Ricardo Larcamón,Fernando Ortiz,1.1.0,2,2,2022/2023,Win
3835187,2022-08-21,02:05:00.000,Mexico - Liga MX,2022/2023,América,Cruz Azul,7,0,,False,False,Complete,Normal,available,available,2022-12-02T01:44:10.250762,2022-12-02T01:44:10.250762,10,Regular Season,Estadio Azteca,Luis Enrique Santander Aguirre,Fernando Ortiz,Diego Vicente Aguirre Camblor,1.1.0,2,2,2022/2023,Win
3835169,2022-08-14,00:05:00.000,Mexico - Liga MX,2022/2023,Pumas UNAM,América,0,3,,False,False,Complete,Normal,available,available,2022-12-02T01:36:23.230150,2022-12-02T01:36:23.230150,8,Regular Season,Estadio Olímpico de Universitario (Ciudad de México),Adonai Escobedo González,Andrés Luciano Lillini,Fernando Ortiz,1.1.0,2,2,2022/2023,Win
3835234,2022-09-15,02:05:00.000,Mexico - Liga MX,2022/2023,América,Santos Laguna,3,3,,False,False,Complete,Normal,available,available,2022-12-02T02:23:41.942550,2022-12-02T02:23:41.942550,5,Regular Season,Estadio Azteca,Fernando Hernández Gómez,Fernando Ortiz,Eduardo Fentanes Orozco,1.1.0,2,2,2022/2023,Draw
3886185,2023-05-11,03:10:00.000,Mexico - Liga MX,2022/2023,Atlético San Luis,América,1,3,,False,False,Complete,Normal,available,available,2023-10-16T09:13:50.616289,2023-10-16T09:13:50.616289,19,Clausura - Quarter-finals,Estadio Alfonso Lastras Ramírez (San Luis Potosí),Fernando Guerrero Ramírez,André Soares Jardine,Fernando Ortiz,1.1.0,2,2,2022/2023,Win
3835237,2022-09-18,01:00:00.000,Mexico - Liga MX,2022/2023,América,Guadalajara,2,1,,False,False,Complete,Normal,available,available,2022-12-02T02:27:00.537786,2022-12-02T02:27:00.537786,15,Regular Season,Estadio Azteca,Adonai Escobedo González,Fernando Ortiz,Ricardo Cadena Martínez,1.1.0,2,2,2022/2023,Win
3864712,2022-10-16,01:06:00.000,Mexico - Liga MX,2022/2023,América,Puebla,5,1,,False,False,Complete,Normal,available,available,2022-12-02T02:53:21.875196,2022-12-02T02:53:21.875196,20,Quarter-finals,Estadio Azteca,Daniel Quintero Huittrón,Fernando Ortiz,Nicolás Ricardo Larcamón,1.1.0,2,2,2022/2023,Win
3870416,2023-02-05,03:05:00.000,Mexico - Liga MX,2022/2023,Santos Laguna,América,2,2,,False,False,Complete,Normal,available,available,2023-02-16T10:18:46.772750,2023-02-16T10:18:46.772750,5,Clausura,Estadio Nuevo Corona,Diego Montaño Robles,Eduardo Fentanes Orozco,Fernando Ortiz,1.1.0,2,2,2022/2023,Draw
3870409,2023-01-29,03:05:00.000,Mexico - Liga MX,2022/2023,América,Mazatlán,6,0,,False,False,Complete,Normal,available,available,2024-09-21T16:48:50.083061,2024-09-21T16:48:50.083061,4,Clausura,Estadio Azteca,Luis Enrique Santander Aguirre,Fernando Ortiz,Gabriel Esteban Caballero Schiker,1.1.0,2,2,2022/2023,Win
3886547,2023-05-22,02:00:00.000,Mexico - Liga MX,2022/2023,América,Guadalajara,1,3,,False,False,Complete,Normal,available,available,2024-09-22T13:44:36.397432,2024-09-22T13:44:36.397432,22,Clausura - Semi-finals,Estadio Azteca,Víctor Alfonso Cáceres Hernández,Fernando Ortiz,Veljko Paunovic,1.1.0,2,2,2022/2023,Loss
3870470,2023-03-12,03:10:00.000,Mexico - Liga MX,2022/2023,Tigres UANL,América,0,2,,False,False,Complete,Normal,available,available,2023-03-23T21:39:13.378703,2023-03-23T21:39:13.378703,11,Clausura,Estadio Universitario de Nuevo León,Víctor Alfonso Cáceres Hernández,Marco Antonio Ruiz García,Fernando Ortiz,1.1.0,2,2,2022/2023,Win
3870504,2023-04-16,03:10:00.000,Mexico - Liga MX,2022/2023,Cruz Azul,América,1,3,,False,False,Complete,Normal,available,available,2024-03-10T14:14:43.493302,2024-03-10T14:14:43.493302,15,Clausura,Estadio Azteca,Fernando Guerrero Ramírez,Ricardo Ferretti,Fernando Ortiz,1.1.0,2,2,2022/2023,Win
3835191,2022-08-24,02:05:00.000,Mexico - Liga MX,2022/2023,Querétaro,América,0,1,,False,False,Complete,Normal,available,available,2022-08-24T14:24:12.509623,2022-08-24T14:24:12.509623,16,Regular Season,Estadio La Corregidora,Víctor Alfonso Cáceres Hernández,Mauro Néstor Gerk Larrea,Fernando Ortiz,1.1.0,2,2,2022/2023,Win
3835198,2022-08-27,02:05:00.000,Mexico - Liga MX,2022/2023,Mazatlán,América,1,3,,False,False,Complete,Normal,available,available,2023-06-20T13:58:29.445148,2023-06-20T13:58:29.445148,11,Regular Season,Estadio El Encanto,Erick Yair Miranda Galindo,Gabriel Esteban Caballero Schiker,Fernando Ortiz,1.1.0,2,2,2022/2023,Win
3835119,2022-07-14,02:00:00.000,Mexico - Liga MX,2022/2023,América,Toluca,1,0,,False,False,Complete,Normal,available,available,2023-07-25T01:28:35.709618,2023-07-25T01:28:35.709618,3,Regular Season,Estadio Azteca,Adonai Escobedo González,Fernando Ortiz,Marcos Ignacio Ambriz Espinoza,1.1.0,2,2,2022/2023,Win
3870520,2023-04-29,03:05:00.000,Mexico - Liga MX,2022/2023,Juárez,América,0,1,,False,False,Complete,Normal,available,available,2023-06-06T01:10:36.941361,2023-06-06T01:10:36.941361,17,Clausura,Estadio Olímpico Benito Juárez (Ciudad Juárez),Daniel Quintero Huittrón,Diego Andrei Mejía Campo,Fernando Ortiz,1.1.0,2,2,2022/2023,Win
3864713,2022-10-13,00:06:00.000,Mexico - Liga MX,2022/2023,Puebla,América,1,6,,False,False,Complete,Normal,available,available,2022-12-02T02:49:52.264897,2022-12-02T02:49:52.264897,19,Quarter-finals,Estadio Cuauhtémoc,Marco Antonio Ortíz Nava,Nicolás Ricardo Larcamón,Fernando Ortiz,1.1.0,2,2,2022/2023,Win
3865781,2022-10-20,02:06:00.000,Mexico - Liga MX,2022/2023,Toluca,América,2,1,,False,False,Complete,Normal,available,available,2022-12-02T03:00:05.163013,2022-12-02T03:00:05.163013,21,Semi-finals,Estadio Nemesio Díez,Marco Antonio Ortíz Nava,Marcos Ignacio Ambriz Espinoza,Fernando Ortiz,1.1.0,2,2,2022/2023,Loss
3835218,2022-09-07,02:05:00.000,Mexico - Liga MX,2022/2023,América,Atlético San Luis,3,0,,False,False,Complete,Normal,available,available,2023-03-28T13:54:35.223192,2023-03-28T13:54:35.223192,13,Regular Season,Estadio Azteca,Víctor Alfonso Cáceres Hernández,Fernando Ortiz,André Soares Jardine,1.1.0,2,2,2022/2023,Win
3870495,2023-04-09,03:10:00.000,Mexico - Liga MX,2022/2023,América,Monterrey,2,1,,False,False,Complete,Normal,available,available,2023-04-09T22:19:31.204513,2023-04-09T22:19:31.204513,14,Clausura,Estadio Azteca,Víctor Alfonso Cáceres Hernández,Fernando Ortiz,Víctor Manuel Vucetich Rojas,1.1.0,2,2,2022/2023,Win
3835177,2022-08-18,02:05:00.000,Mexico - Liga MX,2022/2023,Pachuca,América,0,3,,False,False,Complete,Normal,available,available,2022-08-18T17:07:20.603494,2022-08-18T17:07:20.603494,9,Regular Season,Estadio Hidalgo,César Arturo Ramos Palazuelos,Jorge Guillermo Almada Álves,Fernando Ortiz,1.1.0,2,2,2022/2023,Win
3835133,2022-07-24,01:00:00.000,Mexico - Liga MX,2022/2023,Tijuana,América,2,0,,False,False,Complete,Normal,available,available,2022-12-02T01:14:23.397467,2022-12-02T01:14:23.397467,4,Regular Season,Estadio Caliente,Fernando Hernández Gómez,Ricardo Alfredo Valiño,Fernando Ortiz,1.1.0,2,2,2022/2023,Loss
3870389,2023-01-15,01:05:00.000,Mexico - Liga MX,2022/2023,Toluca,América,2,2,,False,False,Complete,Normal,available,available,2023-05-13T12:10:37.078432,2023-05-13T12:10:37.078432,2,Clausura,Estadio Nemesio Díez,Fernando Guerrero Ramírez,Marcos Ignacio Ambriz Espinoza,Fernando Ortiz,1.1.0,2,2,2022/2023,Draw
3870431,2023-02-15,03:05:00.000,Mexico - Liga MX,2022/2023,Atlético San Luis,América,1,3,,False,False,Complete,Normal,available,available,2023-07-25T15:40:38.731951,2023-07-25T15:40:38.731951,7,Clausura,Estadio Alfonso Lastras Ramírez (San Luis Potosí),Fernando Hernández Gómez,André Soares Jardine,Fernando Ortiz,1.1.0,2,2,2022/2023,Win
3870516,2023-04-23,03:10:00.000,Mexico - Liga MX,2022/2023,América,Pumas UNAM,1,1,,False,False,Complete,Normal,available,available,2023-05-03T14:00:20.100453,2023-05-03T14:00:20.100453,16,Clausura,Estadio Azteca,César Arturo Ramos Palazuelos,Fernando Ortiz,Antonio Ricardo Mohamed Matijevich,1.1.0,2,2,2022/2023,Draw
3870489,2023-04-02,01:05:00.000,Mexico - Liga MX,2022/2023,América,León,2,2,,False,False,Complete,Normal,available,available,2023-04-13T19:28:06.723817,2023-04-13T19:28:06.723817,13,Clausura,Estadio Azteca,Fernando Hernández Gómez,Fernando Ortiz,Nicolás Ricardo Larcamón,1.1.0,2,2,2022/2023,Draw
3870426,2023-02-11,23:00:00.000,Mexico - Liga MX,2022/2023,América,Necaxa,2,1,,False,False,Complete,Normal,available,available,2023-03-30T21:46:18.882685,2023-03-30T21:46:18.882685,6,Clausura,Estadio Azteca,Ismael Rosario Lopez Peñuelas,Fernando Ortiz,Andrés Luciano Lillini,1.1.0,2,2,2022/2023,Win
3870451,2023-02-26,03:05:00.000,Mexico - Liga MX,2022/2023,Atlas,América,2,2,,False,False,Complete,Normal,available,available,2023-02-27T08:50:11.516714,2023-02-27T08:50:11.516714,9,Clausura,Estadio Jalisco,Luis Enrique Santander Aguirre,Benjamín Mora Mendívil,Fernando Ortiz,1.1.0,2,2,2022/2023,Draw
3865780,2022-10-23,01:06:00.000,Mexico - Liga MX,2022/2023,América,Toluca,1,1,,False,False,Complete,Normal,available,available,2022-12-02T02:59:03.710592,2022-12-02T02:59:03.710592,22,Semi-finals,Estadio Azteca,Adonai Escobedo González,Fernando Ortiz,Marcos Ignacio Ambriz Espinoza,1.1.0,2,2,2022/2023,Draw
3870395,2023-01-22,01:10:00.000,Mexico - Liga MX,2022/2023,América,Puebla,2,2,,False,False,Complete,Normal,available,available,2023-02-17T15:44:10.024230,2023-02-17T15:44:10.024230,3,Clausura,Estadio Azteca,Óscar Mejía García,Fernando Ortiz,Eduardo Arce Peña,1.1.0,2,2,2022/2023,Draw
3835105,2022-07-03,02:05:00.000,Mexico - Liga MX,2022/2023,América,Atlas,0,0,,False,False,Complete,Normal,available,available,2022-12-02T00:54:30.089984,2022-12-02T00:54:30.089984,1,Regular Season,Estadio Azteca,Fernando Guerrero Ramírez,Fernando Ortiz,Diego Martín Cocca Pera,1.1.0,2,2,2022/2023,Draw
3835213,2022-09-04,02:05:00.000,Mexico - Liga MX,2022/2023,América,Tigres UANL,2,1,,False,False,Complete,Normal,available,available,2023-07-15T10:32:45.294963,2023-07-15T10:32:45.294963,12,Regular Season,Estadio Azteca,Diego Montaño Robles,Fernando Ortiz,Miguel Ernesto Herrera Aguirre,1.1.0,2,2,2022/2023,Win
3835152,2022-08-01,02:05:00.000,Mexico - Liga MX,2022/2023,León,América,3,2,,False,False,Complete,Normal,available,available,2022-12-02T01:26:33.652581,2022-12-02T01:26:33.652581,6,Regular Season,Estadio León,Óscar Macías Romo,Renato Manuel Alves Paiva,Fernando Ortiz,1.1.0,2,2,2022/2023,Loss
3835162,2022-08-08,01:05:00.000,Mexico - Liga MX,2022/2023,América,Juárez,2,1,,False,False,Complete,Normal,available,available,2022-12-02T01:34:04.777039,2022-12-02T01:34:04.777039,7,Regular Season,Estadio Azteca,Luis Enrique Santander Aguirre,Fernando Ortiz,Rolando Hernán Cristante Mandarino,1.1.0,2,2,2022/2023,Win
3870479,2023-03-19,03:10:00.000,Mexico - Liga MX,2022/2023,Guadalajara,América,2,4,,False,False,Complete,Normal,available,available,2023-04-13T07:28:59.212715,2023-04-13T07:28:59.212715,12,Clausura,Estadio Akron,Marco Antonio Ortíz Nava,Veljko Paunovic,Fernando Ortiz,1.1.0,2,2,2022/2023,Win
3799494,2021-10-24,00:00:00.000,Mexico - Liga MX,2021/2022,América,Tigres UANL,1,0,,False,False,Complete,Normal,available,available,2021-11-25T23:21:14.238383,2021-11-25T23:21:14.238383,15,Apertura,Estadio Azteca,Fernando Guerrero Ramírez,Santiago Hernán Solari Poggio,Miguel Ernesto Herrera Aguirre,1.1.0,2,2,2021/2022,Win
3816673,2022-04-21,02:00:00.000,Mexico - Liga MX,2021/2022,América,León,2,0,,False,False,Complete,Normal,available,available,2022-05-02T13:54:33.629706,2022-05-02T13:54:33.629706,15,Clausura,Estadio Azteca,Diego Montaño Robles,Fernando Ortiz,Ariel Enrique Holan,1.1.0,2,2,2021/2022,Win
3799481,2021-08-08,00:00:00.000,Mexico - Liga MX,2021/2022,América,Puebla,2,0,,False,False,Complete,Normal,available,available,2021-08-09T16:30:05.822000,2021-08-09T16:30:05.822000,3,Apertura,Estadio Azteca,César Arturo Ramos Palazuelos,Santiago Hernán Solari Poggio,Nicolás Ricardo Larcamón,1.1.0,2,2,2021/2022,Win
3816730,2022-05-01,02:00:00.000,Mexico - Liga MX,2021/2022,América,Cruz Azul,0,0,,False,False,Complete,Normal,available,available,2022-05-02T15:00:15.815284,2022-05-02T15:00:15.815284,17,Clausura,Estadio Azteca,Marco Antonio Ortíz Nava,Fernando Ortiz,Juan Máximo Reynoso Guzmán,1.1.0,2,2,2021/2022,Draw
3799493,2021-09-19,00:00:00.000,Mexico - Liga MX,2021/2022,Toluca,América,3,1,,False,False,Complete,Normal,available,available,2021-09-24T17:14:21.502209,2021-09-24T17:14:21.502209,9,Apertura,Estadio Nemesio Díez,Jorge Isaac Rojas Castillo,Rolando Hernán Cristante Mandarino,Santiago Hernán Solari Poggio,1.1.0,2,2,2021/2022,Loss
3816681,2022-04-03,01:00:00.000,Mexico - Liga MX,2021/2022,Necaxa,América,0,1,,False,False,Complete,Normal,available,available,2022-04-04T23:04:39.877073,2022-04-04T23:04:39.877073,12,Clausura,Estadio Victoria de Aguascalientes,Daniel Quintero Huittrón,Jaime Arturo Lozano Espín,Fernando Ortiz,1.1.0,2,2,2021/2022,Win
3832382,2022-05-20,01:00:00.000,Mexico - Liga MX,2021/2022,América,Pachuca,1,1,,False,False,Complete,Normal,available,available,2022-05-20T17:05:18.137616,2022-05-20T17:05:18.137616,21,Semi-finals,Estadio Azteca,Jorge Antonio Pérez Durán,Fernando Ortiz,Jorge Guillermo Almada Álves,1.1.0,2,2,2021/2022,Draw
3799444,2021-10-20,00:05:00.000,Mexico - Liga MX,2021/2022,América,Santos Laguna,2,1,,False,False,Complete,Normal,available,available,2021-10-23T19:55:47.271834,2021-10-23T19:55:47.271834,14,Apertura,Estadio Azteca,Marco Antonio Ortíz Nava,Santiago Hernán Solari Poggio,Jorge Guillermo Almada Álves,1.1.0,2,2,2021/2022,Win
3799455,2021-09-26,02:00:00.000,Mexico - Liga MX,2021/2022,América,Guadalajara,0,0,,False,False,Complete,Normal,available,available,2021-09-29T19:36:36.030973,2021-09-29T19:36:36.030973,10,Apertura,Estadio Azteca,César Arturo Ramos Palazuelos,Santiago Hernán Solari Poggio,Marcelo Michel Leaño,1.1.0,2,2,2021/2022,Draw
3816664,2022-02-17,01:00:00.000,Mexico - Liga MX,2021/2022,Mazatlán,América,2,1,,False,False,Complete,Normal,available,available,2022-02-18T23:02:32.835779,2022-02-18T23:02:32.835779,2,Clausura,Estadio El Encanto,Jorge Antonio Pérez Durán,Beñat San José Gil,Santiago Hernán Solari Poggio,1.1.0,2,2,2021/2022,Loss
3816798,2022-03-06,01:06:00.000,Mexico - Liga MX,2021/2022,Monterrey,América,2,1,,False,False,Complete,Normal,available,available,2022-03-30T14:36:25.318619,2022-03-30T14:36:25.318619,9,Clausura,Estadio BBVA,Erick Yair Miranda Galindo,Víctor Manuel Vucetich Rojas,Fernando Ortiz,1.1.0,2,2,2021/2022,Loss
3831920,2022-05-12,02:05:00.000,Mexico - Liga MX,2021/2022,Puebla,América,1,1,,False,False,Complete,Normal,available,available,2022-05-20T16:15:08.469543,2022-05-20T16:15:08.469543,19,Quarter-finals,Estadio Cuauhtémoc,Luis Enrique Santander Aguirre,Nicolás Ricardo Larcamón,Fernando Ortiz,1.1.0,2,2,2021/2022,Draw
3816758,2022-01-08,03:00:00.000,Mexico - Liga MX,2021/2022,Puebla,América,1,1,,False,False,Complete,Normal,available,available,2022-02-18T21:44:16.988708,2022-02-18T21:44:16.988708,1,Clausura,Estadio Cuauhtémoc,Óscar Mejía García,Nicolás Ricardo Larcamón,Santiago Hernán Solari Poggio,1.1.0,2,2,2021/2022,Draw
3816809,2022-04-16,02:06:00.000,Mexico - Liga MX,2021/2022,Tijuana,América,1,3,,False,False,Complete,Normal,available,available,2024-10-14T16:55:54.851078,2024-10-14T16:55:54.851078,14,Clausura,Estadio Caliente,Luis Enrique Santander Aguirre,Sebastián Ariel Méndez Pardiñas,Fernando Ortiz,1.1.0,2,2,2021/2022,Win
3799462,2021-07-23,02:00:00.000,Mexico - Liga MX,2021/2022,Querétaro,América,0,0,,False,False,Complete,Normal,available,available,2021-08-19T14:41:39.631000,2021-08-19T14:41:39.631000,1,Apertura,Estadio La Corregidora,Marco Antonio Ortíz Nava,Héctor Altamirano Escudero,Santiago Hernán Solari Poggio,1.1.0,2,2,2021/2022,Draw
3816668,2022-01-23,03:00:00.000,Mexico - Liga MX,2021/2022,América,Atlas,0,2,,False,False,Complete,Normal,available,available,2022-02-06T14:26:20.989848,2022-02-06T14:26:20.989848,3,Clausura,Estadio Azteca,Marco Antonio Ortíz Nava,Santiago Hernán Solari Poggio,Diego Martín Cocca Pera,1.1.0,2,2,2021/2022,Loss
3799402,2021-10-03,22:00:00.000,Mexico - Liga MX,2021/2022,América,Pumas UNAM,2,0,,False,False,Complete,Normal,available,available,2022-11-13T21:51:11.137578,2022-11-13T21:51:11.137578,12,Apertura,Estadio Azteca,Jorge Antonio Pérez Durán,Santiago Hernán Solari Poggio,Andrés Luciano Lillini,1.1.0,2,2,2021/2022,Win
3799390,2021-08-01,00:00:00.000,Mexico - Liga MX,2021/2022,América,Necaxa,2,1,,False,False,Complete,Normal,available,available,2021-08-19T14:49:42.276000,2021-08-19T14:49:42.276000,2,Apertura,Estadio Azteca,Fernando Hernández Gómez,Santiago Hernán Solari Poggio,Guillermo Alejandro Vázquez Herrera,1.1.0,2,2,2021/2022,Win
3799357,2021-09-12,02:00:00.000,Mexico - Liga MX,2021/2022,América,Mazatlán,2,0,,False,False,Complete,Normal,available,available,2021-09-19T22:28:14.449502,2021-09-19T22:28:14.449502,8,Apertura,Estadio Azteca,Diego Montaño Robles,Santiago Hernán Solari Poggio,Beñat San José Gil,1.1.0,2,2,2021/2022,Win
3816810,2022-04-24,00:00:00.000,Mexico - Liga MX,2021/2022,Tigres UANL,América,0,2,,False,False,Complete,Normal,available,available,2022-05-02T14:36:16.685091,2022-05-02T14:36:16.685091,16,Clausura,Estadio Universitario de Nuevo León,Fernando Hernández Gómez,Miguel Ernesto Herrera Aguirre,Fernando Ortiz,1.1.0,2,2,2021/2022,Win
3799448,2021-09-29,02:05:00.000,Mexico - Liga MX,2021/2022,Pachuca,América,1,1,,False,False,Complete,Normal,available,available,2022-06-02T14:33:10.421120,2022-06-02T14:33:10.421120,11,Apertura,Estadio Hidalgo,Fernando Guerrero Ramírez,Paulo César Pezzolano Suárez,Santiago Hernán Solari Poggio,1.1.0,2,2,2021/2022,Draw
3831924,2022-05-14,23:00:00.000,Mexico - Liga MX,2021/2022,América,Puebla,3,2,,False,False,Complete,Normal,available,available,2022-05-20T16:43:05.994942,2022-05-20T16:43:05.994942,20,Quarter-finals,Estadio Azteca,Fernando Guerrero Ramírez,Fernando Ortiz,Nicolás Ricardo Larcamón,1.1.0,2,2,2021/2022,Win
3816737,2022-04-10,02:00:00.000,Mexico - Liga MX,2021/2022,América,Juárez,3,0,,False,False,Complete,Normal,available,available,2022-04-10T16:03:39.018986,2022-04-10T16:03:39.018986,13,Clausura,Estadio Azteca,César Arturo Ramos Palazuelos,Fernando Ortiz,Ricardo Ferretti,1.1.0,2,2,2021/2022,Win
3816769,2022-03-20,23:00:00.000,Mexico - Liga MX,2021/2022,América,Toluca,3,0,,False,False,Complete,Normal,available,available,2022-04-04T22:43:18.098835,2022-04-04T22:43:18.098835,11,Clausura,Estadio Azteca,Óscar Mejía García,Fernando Ortiz,Marcos Ignacio Ambriz Espinoza,1.1.0,2,2,2021/2022,Win
3816717,2022-02-13,03:00:00.000,Mexico - Liga MX,2021/2022,Santos Laguna,América,2,3,,False,False,Complete,Normal,available,available,2022-11-13T22:04:08.219723,2022-11-13T22:04:08.219723,5,Clausura,Estadio Nuevo Corona,Luis Enrique Santander Aguirre,Pedro Miguel Faria Caixinha,Santiago Hernán Solari Poggio,1.1.0,2,2,2021/2022,Win
3799429,2021-10-31,23:05:00.000,Mexico - Liga MX,2021/2022,Cruz Azul,América,2,1,,False,False,Complete,Normal,available,available,2021-11-01T14:58:45.105698,2021-11-01T14:58:45.105698,16,Apertura,Estadio Azteca,Luis Enrique Santander Aguirre,Juan Máximo Reynoso Guzmán,Santiago Hernán Solari Poggio,1.1.0,2,2,2021/2022,Loss
3815234,2021-11-25,01:00:00.000,Mexico - Liga MX,2021/2022,Pumas UNAM,América,0,0,,False,False,Complete,Normal,available,available,2022-11-13T21:54:46.789343,2022-11-13T21:54:46.789343,19,Apertura - Quarter-finals,Estadio Olímpico de Universitario (Ciudad de México),Jorge Antonio Pérez Durán,Andrés Luciano Lillini,Santiago Hernán Solari Poggio,1.1.0,2,2,2021/2022,Draw
3799417,2021-08-22,22:00:00.000,Mexico - Liga MX,2021/2022,América,Tijuana,2,0,,False,False,Complete,Normal,available,available,2022-06-02T13:56:19.998276,2022-06-02T13:56:19.998276,6,Apertura,Estadio Azteca,Jorge Isaac Rojas Castillo,Santiago Hernán Solari Poggio,Robert Dante Siboldi Badiola,1.1.0,2,2,2021/2022,Win
3799411,2021-10-17,00:00:00.000,Mexico - Liga MX,2021/2022,Atlético San Luis,América,0,1,,False,False,Complete,Normal,available,available,2022-06-02T14:44:48.524910,2022-06-02T14:44:48.524910,13,Apertura,Estadio Alfonso Lastras Ramírez (San Luis Potosí),Diego Montaño Robles,Marcelo Fabián Méndez Russo,Santiago Hernán Solari Poggio,1.1.0,2,2,2021/2022,Win
3816746,2022-02-27,03:00:00.000,Mexico - Liga MX,2021/2022,Pumas UNAM,América,0,0,,False,False,Complete,Normal,available,available,2022-03-30T13:25:22.362326,2022-03-30T13:25:22.362326,7,Clausura,Estadio Olímpico de Universitario (Ciudad de México),Fernando Guerrero Ramírez,Andrés Luciano Lillini,Santiago Hernán Solari Poggio,1.1.0,2,2,2021/2022,Draw
3799416,2021-08-19,02:00:00.000,Mexico - Liga MX,2021/2022,Juárez,América,1,2,,False,False,Complete,Normal,available,available,2021-08-20T12:51:04.605000,2021-08-20T12:51:04.605000,5,Apertura,Estadio Olímpico Benito Juárez (Ciudad Juárez),Luis Enrique Santander Aguirre,Ricardo Ferretti,Santiago Hernán Solari Poggio,1.1.0,2,2,2021/2022,Win
3799449,2021-08-29,02:00:00.000,Mexico - Liga MX,2021/2022,León,América,1,1,,False,False,Complete,Normal,available,available,2021-09-01T23:32:39.324000,2021-09-01T23:32:39.324000,7,Apertura,Estadio León,Marco Antonio Ortíz Nava,Ariel Enrique Holan,Santiago Hernán Solari Poggio,1.1.0,2,2,2021/2022,Draw
3799489,2021-11-07,01:00:00.000,Mexico - Liga MX,2021/2022,América,Monterrey,0,0,,False,False,Complete,Normal,available,available,2021-11-07T18:29:25.130483,2021-11-07T18:29:25.130483,17,Apertura,Estadio Azteca,Diego Montaño Robles,Santiago Hernán Solari Poggio,Javier Aguirre Onaindía,1.1.0,2,2,2021/2022,Draw
3832384,2022-05-23,01:06:00.000,Mexico - Liga MX,2021/2022,Pachuca,América,3,0,,False,False,Complete,Normal,available,available,2024-06-13T01:32:20.255593,2024-06-13T01:32:20.255593,22,Semi-finals,Estadio Hidalgo,Fernando Hernández Gómez,Jorge Guillermo Almada Álves,Fernando Ortiz,1.1.0,2,2,2021/2022,Loss
3816752,2022-03-02,03:00:00.000,Mexico - Liga MX,2021/2022,América,Querétaro,1,1,,False,False,Complete,Normal,available,available,2022-03-30T13:41:59.769633,2022-03-30T13:41:59.769633,8,Clausura,Estadio Azteca,Fernando Hernández Gómez,Santiago Hernán Solari Poggio,Rolando Hernán Cristante Mandarino,1.1.0,2,2,2021/2022,Draw
3816768,2022-03-13,03:00:00.000,Mexico - Liga MX,2021/2022,Guadalajara,América,0,0,,False,False,Complete,Normal,available,available,2022-03-13T19:50:46.236646,2022-03-13T19:50:46.236646,10,Clausura,Estadio Akron,Jorge Antonio Pérez Durán,Marcelo Michel Leaño,Fernando Ortiz,1.1.0,2,2,2021/2022,Draw
3816805,2022-02-06,01:00:00.000,Mexico - Liga MX,2021/2022,América,Atlético San Luis,2,3,,False,False,Complete,Normal,available,available,2022-02-18T21:54:53.169655,2022-02-18T21:54:53.169655,4,Clausura,Estadio Azteca,Adonai Escobedo González,Santiago Hernán Solari Poggio,Marcelo Fabián Méndez Russo,1.1.0,2,2,2021/2022,Loss
3815231,2021-11-28,01:00:00.000,Mexico - Liga MX,2021/2022,América,Pumas UNAM,1,3,,False,False,Complete,Normal,available,available,2022-11-13T21:55:32.110039,2022-11-13T21:55:32.110039,20,Apertura - Quarter-finals,Estadio Azteca,Marco Antonio Ortíz Nava,Santiago Hernán Solari Poggio,Andrés Luciano Lillini,1.1.0,2,2,2021/2022,Loss
3799452,2021-08-16,19:00:00.000,Mexico - Liga MX,2021/2022,Atlas,América,0,1,,False,False,Complete,Normal,available,available,2021-08-19T17:07:08.260000,2021-08-19T17:07:08.260000,4,Apertura,Estadio Jalisco,Jorge Antonio Pérez Durán,Diego Martín Cocca Pera,Santiago Hernán Solari Poggio,1.1.0,2,2,2021/2022,Win
3816749,2022-02-20,22:00:00.000,Mexico - Liga MX,2021/2022,América,Pachuca,1,3,,False,False,Complete,Normal,available,available,2024-09-29T17:44:10.785579,2024-09-29T17:44:10.785579,6,Clausura,Estadio Azteca,Diego Montaño Robles,Santiago Hernán Solari Poggio,Jorge Guillermo Almada Álves,1.1.0,2,2,2021/2022,Loss
